Date,Product,DirectMaterial,DirectLabour,VariableOverhead,FixedOverhead,ProductionVolume
Jan-10,Accessories & Equipment,1.6,2.85,1.3,25000,35995
Feb-10,Accessories & Equipment,1.6,2.28,1.3,25000,34720
Mar-10,Accessories & Equipment,1.6,1.9,1.3,25000,20792
Apr-10,Accessories & Equipment,1.6,1.9,1.3,25000,21329
May-10,Accessories & Equipment,1.6,1.9,1.3,25000,19028
Jun-10,Accessories & Equipment,1.6,1.9,1.3,25000,37762
Jul-10,Accessories & Equipment,1.6,1.9,1.3,25000,27092
Aug-10,Accessories & Equipment,1.6,1.9,1.3,25000,38720
Sep-10,Accessories & Equipment,1.6,1.9,1.3,25000,32401
Oct-10,Accessories & Equipment,1.6,1.9,1.3,25000,10268
Nov-10,Accessories & Equipment,1.6,1.9,1.3,25000,12725
Dec-10,Accessories & Equipment,1.6,1.9,1.3,25000,30544
Jan-11,Accessories & Equipment,1.6,1.98,1.33,25000,15810
Feb-11,Accessories & Equipment,1.6,1.98,1.33,25000,13372
Mar-11,Accessories & Equipment,1.6,1.98,1.33,25000,18030
Apr-11,Accessories & Equipment,1.6,1.98,1.33,25000,16005
May-11,Accessories & Equipment,1.6,2.47,1.33,25000,32369
Jun-11,Accessories & Equipment,1.6,1.98,1.33,25000,27054
Jul-11,Accessories & Equipment,1.6,2.97,1.33,25000,39676
Aug-11,Accessories & Equipment,1.6,1.98,1.33,25000,12891
Sep-11,Accessories & Equipment,1.6,1.98,1.33,25000,14225
Oct-11,Accessories & Equipment,1.6,2.97,1.33,25000,36544
Nov-11,Accessories & Equipment,1.6,2.97,1.33,25000,36216
Dec-11,Accessories & Equipment,1.6,1.98,1.33,25000,29448
Jan-12,Accessories & Equipment,1.6,2.05,1.35,25000,13068
Feb-12,Accessories & Equipment,1.6,2.05,1.35,25000,18065
Mar-12,Accessories & Equipment,1.6,2.05,1.35,25000,22097
Apr-12,Accessories & Equipment,1.6,2.05,1.35,25000,13634
May-12,Accessories & Equipment,1.6,2.05,1.35,25000,14417
Jun-12,Accessories & Equipment,1.6,2.05,1.35,25000,14065
Jul-12,Accessories & Equipment,1.6,2.05,1.35,25000,33554
Aug-12,Accessories & Equipment,1.6,2.05,1.35,25000,18245
Sep-12,Accessories & Equipment,1.6,2.56,1.35,25000,30675
Oct-12,Accessories & Equipment,1.6,3.08,1.35,25000,36432
Nov-12,Accessories & Equipment,1.6,2.05,1.35,25000,18957
Dec-12,Accessories & Equipment,1.6,3.08,1.35,25000,34985
Jan-13,Accessories & Equipment,1.6,2.13,1.38,25000,15310
Feb-13,Accessories & Equipment,1.6,2.13,1.38,25000,20305
Mar-13,Accessories & Equipment,1.6,2.13,1.38,25000,26552
Apr-13,Accessories & Equipment,1.6,2.13,1.38,25000,21954
May-13,Accessories & Equipment,1.6,3.19,1.38,25000,35744
Jun-13,Accessories & Equipment,1.6,2.13,1.38,25000,12843
Jul-13,Accessories & Equipment,1.6,2.13,1.38,25000,22434
Aug-13,Accessories & Equipment,1.6,2.13,1.38,25000,14601
Sep-13,Accessories & Equipment,1.6,2.13,1.38,25000,19162
Oct-13,Accessories & Equipment,1.6,2.13,1.38,25000,31350
Nov-13,Accessories & Equipment,1.6,2.66,1.38,25000,33831
Dec-13,Accessories & Equipment,1.6,2.13,1.38,25000,20824
Jan-14,Accessories & Equipment,1.6,2.71,1.4,25000,30764
Feb-14,Accessories & Equipment,1.6,2.17,1.4,25000,13058
Mar-14,Accessories & Equipment,1.6,2.17,1.4,25000,27208
Apr-14,Accessories & Equipment,1.6,2.17,1.4,25000,26801
May-14,Accessories & Equipment,1.6,2.17,1.4,25000,11093
Jun-14,Accessories & Equipment,1.6,2.17,1.4,25000,29967
Jul-14,Accessories & Equipment,1.6,2.17,1.4,25000,28822
Aug-14,Accessories & Equipment,1.6,2.17,1.4,25000,10467
Sep-14,Accessories & Equipment,1.6,2.17,1.4,25000,30910
Oct-14,Accessories & Equipment,1.6,2.17,1.4,25000,22753
Nov-14,Accessories & Equipment,1.6,2.71,1.4,25000,31481
Dec-14,Accessories & Equipment,1.6,2.17,1.4,25000,15174
Jan-15,Accessories & Equipment,1.8,2.77,1.43,26500,26703
Feb-15,Accessories & Equipment,1.8,2.77,1.43,26500,27954
Mar-15,Accessories & Equipment,1.8,2.77,1.43,26500,30447
Apr-15,Accessories & Equipment,1.8,2.77,1.43,26500,32090
May-15,Accessories & Equipment,1.8,3.05,1.43,26500,34761
Jun-15,Accessories & Equipment,1.8,4.14,1.43,26500,39327
Jul-15,Accessories & Equipment,1.8,4.14,1.43,26500,37534
Aug-15,Accessories & Equipment,1.8,2.77,1.43,26500,
Sep-15,Accessories & Equipment,1.8,2.77,1.43,26500,27078
Oct-15,Accessories & Equipment,1.8,2.77,1.43,26500,25767
Nov-15,Accessories & Equipment,1.8,2.77,1.43,26500,29959
Dec-15,Accessories & Equipment,1.8,2.77,1.43,26500,22860
Jan-16,Accessories & Equipment,1.8,3.53,1.46,26500,35592
Feb-16,Accessories & Equipment,1.8,2.83,1.46,26500,26213
Mar-16,Accessories & Equipment,1.8,2.83,1.46,26500,24157
Apr-16,Accessories & Equipment,1.8,2.83,1.46,26500,20462
May-16,Accessories & Equipment,1.8,2.83,1.46,26500,26071
Jun-16,Accessories & Equipment,1.8,2.83,1.46,26500,31741
Jul-16,Accessories & Equipment,1.8,2.83,1.46,26500,24563
Aug-16,Accessories & Equipment,1.8,2.83,1.46,26500,21544
Sep-16,Accessories & Equipment,1.8,2.83,1.46,26500,26413
Oct-16,Accessories & Equipment,1.8,2.83,1.46,26500,16650
Nov-16,Accessories & Equipment,1.8,2.83,1.46,26500,33849
Dec-16,Accessories & Equipment,1.8,3.22,1.46,26500,39792
Jan-17,Accessories & Equipment,1.8,2.82,1.49,26500,20885
Feb-17,Accessories & Equipment,1.8,2.82,1.49,26500,20357
Mar-17,Accessories & Equipment,1.8,3.6,1.49,26500,39472
Apr-17,Accessories & Equipment,1.8,2.82,1.49,26500,17803
May-17,Accessories & Equipment,1.8,2.82,1.49,26500,27797
Jun-17,Accessories & Equipment,1.8,2.82,1.49,26500,14245
Jul-17,Accessories & Equipment,1.8,2.82,1.49,26500,12640
Aug-17,Accessories & Equipment,1.8,2.82,1.49,26500,28710
Sep-17,Accessories & Equipment,1.8,2.82,1.49,26500,21893
Oct-17,Accessories & Equipment,1.8,2.82,1.49,26500,14391
Nov-17,Accessories & Equipment,1.8,2.82,1.49,26500,26513
Dec-17,Accessories & Equipment,1.8,2.82,1.49,26500,11537
Jan-18,Accessories & Equipment,1.8,2.87,1.52,26500,19674
Feb-18,Accessories & Equipment,1.8,2.87,1.52,26500,16652
Mar-18,Accessories & Equipment,1.8,2.87,1.52,26500,14209
Apr-18,Accessories & Equipment,1.8,3.45,1.52,26500,34059
May-18,Accessories & Equipment,1.8,2.87,1.52,26500,19435
Jun-18,Accessories & Equipment,1.8,2.87,1.52,26500,19783
Jul-18,Accessories & Equipment,1.8,2.87,1.52,26500,15036
Aug-18,Accessories & Equipment,1.8,2.87,1.52,26500,17699
Sep-18,Accessories & Equipment,1.8,2.87,1.52,26500,26596
Oct-18,Accessories & Equipment,1.8,3.45,1.52,26500,34097
Nov-18,Accessories & Equipment,1.8,2.87,1.52,26500,13854
Dec-18,Accessories & Equipment,1.8,2.87,1.52,26500,10561
Jan-19,Accessories & Equipment,1.8,2.92,1.56,26500,15680
Feb-19,Accessories & Equipment,1.8,2.92,1.56,26500,17882
Mar-19,Accessories & Equipment,1.8,3.36,1.56,26500,37356
Apr-19,Accessories & Equipment,1.8,2.92,1.56,26500,
May-19,Accessories & Equipment,1.8,3.36,1.56,26500,36036
Jun-19,Accessories & Equipment,1.8,2.92,1.56,26500,18480
Jul-19,Accessories & Equipment,1.8,2.92,1.56,26500,19804
Aug-19,Accessories & Equipment,1.8,2.92,1.56,26500,12332
Sep-19,Accessories & Equipment,1.8,2.92,1.56,26500,29779
Oct-19,Accessories & Equipment,1.8,3.36,1.56,26500,34600
Nov-19,Accessories & Equipment,1.8,3.5,1.56,26500,38036
Dec-19,Accessories & Equipment,1.8,2.92,1.56,26500,28271
Jan-20,Accessories & Equipment,1.8,2.97,1.6,29900,33832
Feb-20,Accessories & Equipment,1.8,2.97,1.6,29900,31856
Mar-20,Accessories & Equipment,1.8,2.97,1.6,29900,32524
Apr-20,Accessories & Equipment,1.8,2.97,1.6,29900,37503
May-20,Accessories & Equipment,1.8,2.97,1.6,29900,28849
Jun-20,Accessories & Equipment,1.8,3.51,1.6,29900,37981
Jul-20,Accessories & Equipment,1.8,2.97,1.6,29900,31675
Aug-20,Accessories & Equipment,1.8,2.97,1.6,29900,38040
Sep-20,Accessories & Equipment,1.8,2.97,1.6,29900,15532
Oct-20,Accessories & Equipment,1.8,2.97,1.6,29900,26002
Nov-20,Accessories & Equipment,1.8,3.51,1.6,29900,36270
Dec-20,Accessories & Equipment,1.8,3.4,1.6,29900,34687
Jan-21,Accessories & Equipment,2,3.03,1.64,29900,17807
Feb-21,Accessories & Equipment,2,3.65,1.64,29900,36805
Mar-21,Accessories & Equipment,2,3.03,1.64,29900,20998
Apr-21,Accessories & Equipment,2,3.03,1.64,29900,27658
May-21,Accessories & Equipment,2,3.03,1.64,29900,13041
Jun-21,Accessories & Equipment,2,3.03,1.64,29900,15742
Jul-21,Accessories & Equipment,2,3.03,1.64,29900,22096
Aug-21,Accessories & Equipment,2,3.72,1.64,29900,36038
Sep-21,Accessories & Equipment,2,3.03,1.64,29900,16023
Oct-21,Accessories & Equipment,2,3.03,1.64,29900,12622
Nov-21,Accessories & Equipment,2,3.03,1.64,29900,24345
Dec-21,Accessories & Equipment,2,3.4,1.64,29900,33713
Jan-22,Accessories & Equipment,2,3.12,1.8,29900,10888
Feb-22,Accessories & Equipment,2,3.12,1.8,29900,19437
Mar-22,Accessories & Equipment,2,3.12,1.8,29900,17677
Apr-22,Accessories & Equipment,2,3.12,1.8,29900,32133
May-22,Accessories & Equipment,2,3.63,1.8,29900,35843
Jun-22,Accessories & Equipment,2,3.12,1.8,29900,23532
Jul-22,Accessories & Equipment,2,3.12,1.8,29900,31326
Aug-22,Accessories & Equipment,2,3.12,1.8,29900,26227
Sep-22,Accessories & Equipment,2,3.12,1.8,29900,23894
Oct-22,Accessories & Equipment,2,3.12,1.8,29900,27652
Nov-22,Accessories & Equipment,2,3.12,1.8,29900,26583
Dec-22,Accessories & Equipment,2,3.12,1.8,29900,16720
Jan-23,Accessories & Equipment,2,3.45,1.85,29900,33571
Feb-23,Accessories & Equipment,2,3.18,1.85,29900,18468
Mar-23,Accessories & Equipment,2,3.18,1.85,29900,28363
Apr-23,Accessories & Equipment,2,3.18,1.85,29900,16868
May-23,Accessories & Equipment,2,3.18,1.85,29900,26661
Jun-23,Accessories & Equipment,2,3.18,1.85,29900,19206
Jul-23,Accessories & Equipment,2,3.18,1.85,29900,26052
Aug-23,Accessories & Equipment,2,3.18,1.85,29900,17999
,Accessories & Equipment,2.6,9.1,2.99,29900,35706
Jan-10,OuterWear,8,8.86,2.99,75000,32975
Feb-10,OuterWear,8,7.09,2.99,75000,39816
Mar-10,OuterWear,8,5.91,2.99,75000,12088
Apr-10,OuterWear,8,5.91,2.99,75000,22665
May-10,OuterWear,8,5.91,2.99,75000,12251
Jun-10,OuterWear,8,5.91,2.99,75000,35599
Jul-10,OuterWear,8,5.91,2.99,75000,19320
Aug-10,OuterWear,8,5.91,2.99,75000,36597
Sep-10,OuterWear,8,5.91,2.99,75000,21884
Oct-10,OuterWear,8,5.91,2.99,75000,32194
Nov-10,OuterWear,8,5.91,2.99,75000,30549
Dec-10,OuterWear,8,5.91,3.06,75000,22792
Jan-11,OuterWear,8,6.16,3.06,75000,11673
Feb-11,OuterWear,8,6.16,3.06,75000,23124
Mar-11,OuterWear,8,6.16,3.06,75000,18569
Apr-11,OuterWear,8,6.16,3.06,75000,35552
May-11,OuterWear,8,7.68,3.06,75000,19645
Jun-11,OuterWear,8,6.16,3.06,75000,13264
Jul-11,OuterWear,8,9.23,3.06,75000,17483
Aug-11,OuterWear,8,6.16,3.06,75000,31761
Sep-11,OuterWear,8,6.16,3.06,75000,29587
Oct-11,OuterWear,8,9.23,3.06,75000,26763
Nov-11,OuterWear,8,9.23,3.06,75000,35260
Dec-11,OuterWear,8,6.16,3.11,75000,26145
Jan-12,OuterWear,8,6.37,3.11,75000,26094
Feb-12,OuterWear,8,6.37,3.11,75000,23748
Mar-12,OuterWear,8,6.37,3.11,75000,19122
Apr-12,OuterWear,8,6.37,3.11,75000,20191
May-12,OuterWear,8,6.37,3.11,75000,16670
Jun-12,OuterWear,8,6.37,3.11,75000,36591
Jul-12,OuterWear,8,6.37,3.11,75000,10917
Aug-12,OuterWear,8,6.37,3.11,75000,
Sep-12,OuterWear,8,7.96,3.11,75000,33503
Oct-12,OuterWear,8,9.58,3.11,75000,28038
Nov-12,OuterWear,8,6.37,3.11,75000,18256
Dec-12,OuterWear,8,9.58,3.17,75000,29074
Jan-13,OuterWear,8.49,6.62,3.17,75000,24199
Feb-13,OuterWear,8.49,6.62,3.17,75000,17698
Mar-13,OuterWear,8.49,6.62,3.17,75000,32253
Apr-13,OuterWear,8.49,6.62,3.17,75000,11057
May-13,OuterWear,8.49,9.92,3.17,75000,28276
Jun-13,OuterWear,8.49,6.62,3.17,75000,23356
Jul-13,OuterWear,8.49,6.62,3.17,75000,20387
Aug-13,OuterWear,8.49,6.62,3.17,75000,20894
Sep-13,OuterWear,8.49,6.62,3.17,75000,38479
Oct-13,OuterWear,8.49,6.62,3.17,75000,13235
Nov-13,OuterWear,8.49,8.27,3.17,75000,11605
Dec-13,OuterWear,8.49,6.62,3.22,75000,22644
Jan-14,OuterWear,8.49,8.43,3.22,75000,
Feb-14,OuterWear,8.49,6.75,3.22,75000,29252
Mar-14,OuterWear,8.49,6.75,3.22,75000,17882
Apr-14,OuterWear,8.49,6.75,3.22,75000,12968
May-14,OuterWear,8.49,6.75,3.22,75000,
Jun-14,OuterWear,8.49,6.75,3.22,75000,38775
Jul-14,OuterWear,8.49,6.75,3.22,75000,10530
Aug-14,OuterWear,8.49,6.75,3.22,75000,39529
Sep-14,OuterWear,8.49,6.75,3.22,75000,37638
Oct-14,OuterWear,8.49,6.75,3.22,75000,18516
Nov-14,OuterWear,8.49,8.43,3.22,75000,10774
Dec-14,OuterWear,8.49,6.75,3.29,75000,10056
Jan-15,OuterWear,8.49,8.61,3.29,78750,34796
Feb-15,OuterWear,8.49,8.61,3.29,78750,28150
Mar-15,OuterWear,8.49,8.61,3.29,78750,34037
Apr-15,OuterWear,8.49,8.61,3.29,78750,13168
May-15,OuterWear,8.49,9.48,3.29,78750,27358
Jun-15,OuterWear,8.49,12.87,3.29,78750,23559
Jul-15,OuterWear,8.49,12.87,3.29,78750,14370
Aug-15,OuterWear,8.49,8.61,3.29,78750,21074
Sep-15,OuterWear,8.49,8.61,3.29,78750,38369
Oct-15,OuterWear,8.49,8.61,3.29,78750,39483
Nov-15,OuterWear,8.49,8.61,3.29,78750,35292
Dec-15,OuterWear,8.49,8.61,3.36,78750,26228
Jan-16,OuterWear,8.87,10.98,3.36,78750,34539
Feb-16,OuterWear,8.87,8.8,3.36,78750,23104
Mar-16,OuterWear,8.87,8.8,3.36,78750,33606
Apr-16,OuterWear,8.87,8.8,3.36,78750,31079
May-16,OuterWear,8.87,8.8,3.36,78750,27478
Jun-16,OuterWear,8.87,8.8,3.36,78750,35355
Jul-16,OuterWear,8.87,8.8,3.36,78750,16698
Aug-16,OuterWear,8.87,8.8,3.36,78750,39335
Sep-16,OuterWear,8.87,8.8,3.36,78750,15875
Oct-16,OuterWear,8.87,8.8,3.36,78750,26328
Nov-16,OuterWear,8.87,8.8,3.36,78750,35116
Dec-16,OuterWear,8.87,10.01,3.43,78750,12965
Jan-17,OuterWear,8.87,8.77,3.43,78750,20074
Feb-17,OuterWear,8.87,8.77,3.43,78750,35652
Mar-17,OuterWear,8.87,11.19,3.43,78750,15607
Apr-17,OuterWear,8.87,8.77,3.43,78750,32741
May-17,OuterWear,8.87,8.77,3.43,78750,26455
Jun-17,OuterWear,8.87,8.77,3.43,78750,35135
Jul-17,OuterWear,8.87,8.77,3.43,78750,17824
Aug-17,OuterWear,8.87,8.77,3.43,78750,11551
Sep-17,OuterWear,8.87,8.77,3.43,78750,
Oct-17,OuterWear,8.87,8.77,3.43,78750,22092
Nov-17,OuterWear,8.87,8.77,3.43,78750,14133
Dec-17,OuterWear,8.87,8.77,3.5,78750,13505
Jan-18,OuterWear,8.87,8.92,3.5,78750,18979
Feb-18,OuterWear,8.87,8.92,3.5,78750,38255
Mar-18,OuterWear,8.87,8.92,3.5,78750,25163
Apr-18,OuterWear,8.87,10.73,3.5,78750,17378
May-18,OuterWear,8.87,8.92,3.5,78750,10233
Jun-18,OuterWear,8.87,8.92,3.5,78750,15017
Jul-18,OuterWear,8.87,8.92,3.5,78750,12813
Aug-18,OuterWear,8.87,8.92,3.5,78750,20490
Sep-18,OuterWear,8.87,8.92,3.5,78750,10997
Oct-18,OuterWear,8.87,10.73,3.5,78750,34891
Nov-18,OuterWear,8.87,8.92,3.5,78750,35974
Dec-18,OuterWear,8.87,8.92,3.59,78750,32093
Jan-19,OuterWear,8.87,9.08,3.59,78750,15856
Feb-19,OuterWear,8.87,9.08,3.59,78750,21500
Mar-19,OuterWear,8.87,10.45,3.59,78750,38242
Apr-19,OuterWear,8.87,9.08,3.59,78750,15313
May-19,OuterWear,8.87,10.45,3.59,78750,29678
Jun-19,OuterWear,8.87,9.08,3.59,78750,10847
Jul-19,OuterWear,8.87,9.08,3.59,78750,39687
Aug-19,OuterWear,8.87,9.08,3.59,78750,33645
Sep-19,OuterWear,8.87,9.08,3.59,78750,24954
Oct-19,OuterWear,8.87,10.45,3.59,78750,11393
Nov-19,OuterWear,8.87,10.88,3.59,78750,36232
Dec-19,OuterWear,8.87,9.08,3.68,78750,19108
Jan-20,OuterWear,9.23,9.23,3.68,87600,26456
Feb-20,OuterWear,9.23,9.23,3.68,87600,
Mar-20,OuterWear,9.23,9.23,3.68,87600,29760
Apr-20,OuterWear,9.55,9.23,3.68,87600,33084
May-20,OuterWear,9.55,9.23,3.68,87600,15178
Jun-20,OuterWear,9.55,10.91,3.68,87600,26839
Jul-20,OuterWear,9.55,9.23,3.68,87600,18618
Aug-20,OuterWear,9.55,9.23,3.68,87600,18823
Sep-20,OuterWear,9.55,9.23,3.68,87600,12951
Oct-20,OuterWear,9.55,9.23,3.68,87600,38559
Nov-20,OuterWear,9.55,10.91,3.68,87600,20031
Dec-20,OuterWear,9.55,10.57,3.77,87600,14640
Jan-21,OuterWear,9.55,9.42,3.77,87600,29703
Feb-21,OuterWear,9.55,11.35,3.77,87600,38598
Mar-21,OuterWear,9.55,9.42,3.77,87600,12505
Apr-21,OuterWear,9.55,9.42,3.77,87600,17349
May-21,OuterWear,9.55,9.42,3.77,87600,35399
Jun-21,OuterWear,9.55,9.42,3.77,87600,27153
Jul-21,OuterWear,9.55,9.42,3.77,87600,33243
Aug-21,OuterWear,9.55,11.57,3.77,87600,10476
Sep-21,OuterWear,9.55,9.42,3.77,87600,32846
Oct-21,OuterWear,9.55,9.42,3.77,87600,21925
Nov-21,OuterWear,9.55,9.42,3.77,87600,25525
Dec-21,OuterWear,9.55,10.57,4.14,87600,30503
Jan-22,OuterWear,9.55,9.7,4.14,87600,38383
Feb-22,OuterWear,9.55,9.7,4.14,87600,31877
Mar-22,OuterWear,9.55,9.7,4.14,87600,11681
Apr-22,OuterWear,9.55,9.7,4.14,87600,10148
May-22,OuterWear,9.55,11.29,4.14,87600,18882
Jun-22,OuterWear,9.55,9.7,4.14,87600,24996
Jul-22,OuterWear,9.55,9.7,4.14,87600,27137
Aug-22,OuterWear,9.55,9.7,4.14,87600,26881
Sep-22,OuterWear,9.55,9.7,4.14,87600,34790
Oct-22,OuterWear,9.55,9.7,4.14,87600,14109
Nov-22,OuterWear,9.55,9.7,4.14,87600,15663
Dec-22,OuterWear,9.55,9.7,4.26,87600,29107
Jan-23,OuterWear,9.55,10.73,4.26,87600,37113
Feb-23,OuterWear,9.55,9.89,4.26,87600,11808
Mar-23,OuterWear,9.55,9.89,4.26,87600,10791
Apr-23,OuterWear,9.55,9.89,4.26,87600,36925
May-23,OuterWear,9.55,9.89,4.26,87600,29504
Jun-23,OuterWear,9.55,9.89,4.26,87600,17913
Jul-23,OuterWear,9.55,9.89,4.26,87600,20562
Aug-23,OuterWear,9.55,9.89,20.93,87600,33364
Jan-10,SportsWear,0.75,5.43,2.28,30000,25130
Feb-10,SportsWear,0.75,4.34,2.28,30000,30499
Mar-10,SportsWear,0.75,3.62,2.28,30000,19219
Apr-10,SportsWear,0.75,3.62,2.28,30000,20159
May-10,SportsWear,0.75,3.62,2.28,30000,33802
Jun-10,SportsWear,0.75,3.62,2.28,30000,13882
Jul-10,SportsWear,0.75,3.62,2.28,30000,10012
Aug-10,SportsWear,0.75,3.62,2.28,30000,26666
Sep-10,SportsWear,0.75,3.62,2.28,30000,17186
Oct-10,SportsWear,0.75,3.62,2.28,30000,17890
Nov-10,SportsWear,0.75,3.62,2.28,30000,24381
Dec-10,SportsWear,0.75,3.62,2.28,30000,36240
Jan-11,SportsWear,0.75,3.77,3.33,30000,37969
Feb-11,SportsWear,0.75,3.77,3.33,30000,24546
Mar-11,SportsWear,0.75,3.77,3.33,30000,26487
Apr-11,SportsWear,0.75,3.77,3.33,30000,11317
May-11,SportsWear,0.75,4.7,3.33,30000,19875
Jun-11,SportsWear,0.75,3.77,3.33,30000,
Jul-11,SportsWear,0.75,5.66,3.33,30000,35889
Aug-11,SportsWear,0.75,3.77,3.33,30000,28333
Sep-11,SportsWear,0.75,3.77,3.33,30000,14066
Oct-11,SportsWear,0.75,5.66,3.33,30000,21525
Nov-11,SportsWear,0.75,5.66,3.33,30000,14956
Dec-11,SportsWear,0.75,3.77,3.33,30000,26410
Jan-12,SportsWear,0.75,3.9,3.8,30000,29933
Feb-12,SportsWear,0.75,3.9,3.8,30000,12935
Mar-12,SportsWear,0.75,3.9,3.8,30000,11075
Apr-12,SportsWear,0.75,3.9,3.8,30000,14387
May-12,SportsWear,0.75,3.9,3.8,30000,37453
Jun-12,SportsWear,0.75,3.9,3.8,30000,18531
Jul-12,SportsWear,0.75,3.9,3.8,30000,10338
Aug-12,SportsWear,0.75,3.9,3.8,30000,22096
Sep-12,SportsWear,0.75,4.88,3.8,30000,14850
Oct-12,SportsWear,0.75,5.87,3.8,30000,39065
Nov-12,SportsWear,0.75,3.9,3.8,30000,34725
Dec-12,SportsWear,0.75,5.87,3.8,30000,24897
Jan-13,SportsWear,0.8,4.06,2.42,30000,36426
Feb-13,SportsWear,0.8,4.06,2.42,30000,34313
Mar-13,SportsWear,0.8,4.06,2.42,30000,23744
Apr-13,SportsWear,0.8,4.06,2.42,30000,25049
May-13,SportsWear,0.8,6.07,2.42,30000,32822
Jun-13,SportsWear,0.8,4.06,2.42,30000,29064
Jul-13,SportsWear,0.8,4.06,2.42,30000,32569
Aug-13,SportsWear,0.8,4.06,2.42,30000,20698
Sep-13,SportsWear,0.8,4.06,2.42,30000,32902
Oct-13,SportsWear,0.8,4.06,2.42,30000,13172
Nov-13,SportsWear,0.8,5.07,2.42,30000,14768
Dec-13,SportsWear,0.8,4.06,2.42,30000,37357
Jan-14,SportsWear,0.8,5.16,2.45,30000,38283
Feb-14,SportsWear,0.8,4.13,2.45,30000,34508
Mar-14,SportsWear,0.8,4.13,2.45,30000,29487
Apr-14,SportsWear,0.8,4.13,2.45,30000,19868
May-14,SportsWear,0.8,4.13,2.45,30000,32175
Jun-14,SportsWear,0.8,4.13,2.45,30000,15191
Jul-14,SportsWear,0.8,4.13,2.45,30000,38981
Aug-14,SportsWear,0.8,4.13,2.45,30000,19997
Sep-14,SportsWear,0.8,4.13,2.45,30000,27869
Oct-14,SportsWear,0.8,4.13,2.45,30000,12730
Nov-14,SportsWear,0.8,5.16,2.45,30000,22979
Dec-14,SportsWear,0.8,4.13,2.45,30000,23853
Jan-15,SportsWear,0.84,5.27,3.56,31500,21926
Feb-15,SportsWear,0.84,5.27,3.56,31500,15487
Mar-15,SportsWear,0.84,5.27,3.56,31500,38656
Apr-15,SportsWear,0.84,5.27,3.56,31500,36963
May-15,SportsWear,0.84,5.81,3.56,31500,
Jun-15,SportsWear,0.84,7.88,3.56,31500,30880
Jul-15,SportsWear,0.84,7.88,3.56,31500,36947
Aug-15,SportsWear,0.84,5.27,3.56,31500,18505
Sep-15,SportsWear,0.84,5.27,3.56,31500,31105
Oct-15,SportsWear,0.84,5.27,3.56,31500,21095
Nov-15,SportsWear,0.84,5.27,3.56,31500,38281
Dec-15,SportsWear,0.84,5.27,3.56,31500,34394
Jan-16,SportsWear,0.84,6.72,2.56,31500,30695
Feb-16,SportsWear,0.84,5.39,2.56,31500,36083
Mar-16,SportsWear,0.84,5.39,2.56,31500,37862
Apr-16,SportsWear,0.84,5.39,2.56,31500,15918
May-16,SportsWear,0.84,5.39,2.56,31500,36135
Jun-16,SportsWear,0.84,5.39,2.56,31500,36076
Jul-16,SportsWear,0.84,5.39,2.56,31500,24671
Aug-16,SportsWear,0.84,5.39,2.56,31500,31194
Sep-16,SportsWear,0.84,5.39,2.56,31500,17669
Oct-16,SportsWear,0.84,5.39,2.56,31500,29075
Nov-16,SportsWear,0.84,5.39,2.56,31500,38596
Dec-16,SportsWear,0.84,6.13,2.56,31500,31390
Jan-17,SportsWear,0.97,5.37,2.61,31500,37860
Feb-17,SportsWear,0.97,5.37,2.61,31500,34565
Mar-17,SportsWear,0.97,6.86,2.61,31500,25864
Apr-17,SportsWear,0.97,5.37,2.61,31500,39113
May-17,SportsWear,0.97,5.37,2.61,31500,31735
Jun-17,SportsWear,0.97,5.37,2.61,31500,18317
Jul-17,SportsWear,0.97,5.37,2.61,31500,31754
Aug-17,SportsWear,0.97,5.37,2.61,31500,19279
Sep-17,SportsWear,0.97,5.37,2.61,31500,39685
Oct-17,SportsWear,0.97,5.37,2.61,31500,31118
Nov-17,SportsWear,0.97,5.37,2.61,31500,14199
Dec-17,SportsWear,0.97,5.37,2.61,31500,27109
Jan-18,SportsWear,1.02,5.47,2.66,31500,15197
Feb-18,SportsWear,1.02,5.47,2.66,31500,15633
Mar-18,SportsWear,1.02,5.47,2.66,31500,30201
Apr-18,SportsWear,1.02,6.57,2.66,31500,29052
May-18,SportsWear,1.02,5.47,2.66,31500,10403
Jun-18,SportsWear,1.02,5.47,2.66,31500,24172
Jul-18,SportsWear,1.02,5.47,2.66,31500,38612
Aug-18,SportsWear,1.02,5.47,2.66,31500,35284
Sep-18,SportsWear,1.02,5.47,2.66,31500,17431
Oct-18,SportsWear,1.02,6.57,2.66,31500,29524
Nov-18,SportsWear,1.02,5.47,2.66,31500,34656
Dec-18,SportsWear,1.02,5.47,2.66,31500,37434
Jan-19,SportsWear,1.02,5.56,2.73,31500,29909
Feb-19,SportsWear,1.02,5.56,2.73,31500,15391
Mar-19,SportsWear,1.02,6.4,2.73,31500,13837
Apr-19,SportsWear,1.02,5.56,2.73,31500,30167
May-19,SportsWear,1.02,6.4,2.73,31500,17001
Jun-19,SportsWear,1.02,5.56,2.73,31500,34525
Jul-19,SportsWear,1.02,5.56,2.73,31500,25037
Aug-19,SportsWear,1.02,5.56,2.73,31500,11755
Sep-19,SportsWear,1.02,5.56,2.73,31500,20159
Oct-19,SportsWear,1.02,6.4,2.73,31500,30202
Nov-19,SportsWear,1.02,6.67,2.73,31500,18887
Dec-19,SportsWear,1.02,5.56,2.73,31500,34709
Jan-20,SportsWear,1.02,5.66,2.8,36200,18882
Feb-20,SportsWear,1.02,5.66,2.8,36200,
Mar-20,SportsWear,1.02,5.66,2.8,36200,35342
Apr-20,SportsWear,1.1,5.66,2.8,36200,33792
May-20,SportsWear,1.1,5.66,2.8,36200,21908
Jun-20,SportsWear,1.1,6.68,2.8,36200,15594
Jul-20,SportsWear,1.1,5.66,2.8,36200,33299
Aug-20,SportsWear,1.1,5.66,2.8,36200,37923
Sep-20,SportsWear,1.1,5.66,2.8,36200,25647
Oct-20,SportsWear,1.1,5.66,2.8,36200,24777
Nov-20,SportsWear,1.1,6.68,2.8,36200,25161
Dec-20,SportsWear,1.1,6.47,2.8,36200,13988
Jan-21,SportsWear,1.1,5.77,2.87,36200,12383
Feb-21,SportsWear,1.1,6.95,2.87,36200,36731
Mar-21,SportsWear,1.1,5.77,2.87,36200,27535
Apr-21,SportsWear,1.1,5.77,2.87,36200,33462
May-21,SportsWear,1.1,5.77,2.87,36200,12936
Jun-21,SportsWear,1.1,5.77,2.87,36200,31139
Jul-21,SportsWear,1.1,5.77,2.87,36200,25113
Aug-21,SportsWear,1.1,7.08,2.87,36200,19794
Sep-21,SportsWear,1.1,5.77,2.87,36200,15906
Oct-21,SportsWear,1.1,5.77,2.87,36200,18433
Nov-21,SportsWear,1.1,5.77,2.87,36200,29702
Dec-21,SportsWear,1.1,6.47,2.87,36200,39291
Jan-22,SportsWear,1.1,5.94,3.15,36200,36129
Feb-22,SportsWear,1.1,5.94,3.15,36200,22634
Mar-22,SportsWear,1.1,5.94,3.15,36200,20916
Apr-22,SportsWear,1.1,5.94,3.15,36200,15058
May-22,SportsWear,1.1,6.91,3.15,36200,10705
Jun-22,SportsWear,1.1,5.94,3.15,36200,32732
Jul-22,SportsWear,1.1,5.94,3.15,36200,39024
Aug-22,SportsWear,1.1,5.94,3.15,36200,22829
Sep-22,SportsWear,1.1,5.94,3.15,36200,35106
Oct-22,SportsWear,1.1,5.94,3.15,36200,13061
Nov-22,SportsWear,1.1,5.94,3.15,36200,22724
Dec-22,SportsWear,1.1,5.94,3.15,36200,25981
Jan-23,SportsWear,1.1,6.57,4.63,36200,18419
Feb-23,SportsWear,1.1,6.06,4.63,36200,12829
Mar-23,SportsWear,1.1,6.06,4.63,36200,20737
Apr-23,SportsWear,1.1,6.06,4.63,36200,18518
May-23,SportsWear,1.1,6.06,4.63,36200,34234
Jun-23,SportsWear,1.1,6.06,4.63,36200,27146
Jul-23,SportsWear,1.1,6.06,4.63,36200,36094
Aug-23,SportsWear,1.1,6.06,4.63,36200,17151
Jan-10,Footwear,5.31,17.33,6.96,50000,16439
Feb-10,Footwear,5.31,11.4,5.57,50000,24026
Mar-10,Footwear,5.31,5.4,4.64,50000,23343
Apr-10,Footwear,5.31,9.2,4.64,50000,39695
May-10,Footwear,5.31,8.9,4.64,50000,21513
Jun-10,Footwear,5.31,9.2,4.64,50000,28800
Jul-10,Footwear,5.31,2.7,4.64,50000,23886
Aug-10,Footwear,5.31,4,4.64,50000,10025
Sep-10,Footwear,5.31,8.3,4.64,50000,31915
Oct-10,Footwear,5.31,4.6,4.64,50000,21479
Nov-10,Footwear,5.31,10.1,4.64,50000,24855
Dec-10,Footwear,5.31,1.2,4.64,50000,28238
Jan-11,Footwear,5.76,5.9,4.84,50000,28837
Feb-11,Footwear,5.76,9.1,4.84,50000,
Mar-11,Footwear,5.76,5.3,4.84,50000,23200
Apr-11,Footwear,5.76,11.7,4.84,50000,20131
May-11,Footwear,5.76,2.2,6.03,50000,13198
Jun-11,Footwear,5.76,9.5,4.84,50000,34682
Jul-11,Footwear,5.76,10.9,7.26,50000,20159
Aug-11,Footwear,5.76,8.8,4.84,50000,13180
Sep-11,Footwear,5.76,9.7,4.84,50000,11200
Oct-11,Footwear,5.76,8.3,7.26,50000,33211
Nov-11,Footwear,5.76,8.5,7.26,50000,22786
Dec-11,Footwear,5.76,5.5,4.84,50000,38511
Jan-12,Footwear,5.76,10.5,5.01,50000,23367
Feb-12,Footwear,5.76,9.3,5.01,50000,14181
Mar-12,Footwear,5.76,5.3,5.01,50000,12279
Apr-12,Footwear,5.76,4.2,5.01,50000,30740
May-12,Footwear,5.76,11.2,5.01,50000,17383
Jun-12,Footwear,5.76,11.4,5.01,50000,13607
Jul-12,Footwear,5.76,11.9,5.01,50000,19286
Aug-12,Footwear,5.76,4.9,5.01,50000,31167
Sep-12,Footwear,5.76,9.8,6.25,50000,25488
Oct-12,Footwear,5.76,9.5,7.53,50000,14652
Nov-12,Footwear,5.76,2.3,5.01,50000,14122
Dec-12,Footwear,5.76,6.4,7.53,50000,30905
Jan-13,Footwear,5.96,10.1,5.2,50000,12668
Feb-13,Footwear,5.96,8.4,5.2,50000,29674
Mar-13,Footwear,5.96,7.2,5.2,50000,21765
Apr-13,Footwear,5.96,7.7,5.2,50000,18775
May-13,Footwear,5.96,7.7,7.79,50000,30682
Jun-13,Footwear,5.96,10.1,5.2,50000,22075
Jul-13,Footwear,5.96,5.6,5.2,50000,33486
Aug-13,Footwear,5.96,2.3,5.2,50000,21849
Sep-13,Footwear,5.96,2.6,5.2,50000,11336
Oct-13,Footwear,5.96,6.5,5.2,50000,23823
Nov-13,Footwear,5.96,11.4,6.5,50000,38964
Dec-13,Footwear,5.96,8.9,5.2,50000,12913
Jan-14,Footwear,5.96,3.8,6.62,50000,27134
Feb-14,Footwear,5.96,2.2,5.3,50000,18979
Mar-14,Footwear,5.96,10.7,5.3,50000,28077
Apr-14,Footwear,5.96,6.4,5.3,50000,17886
May-14,Footwear,5.96,6.3,5.3,50000,19212
Jun-14,Footwear,5.96,6.5,5.3,50000,12020
Jul-14,Footwear,5.96,11.6,5.3,50000,30053
Aug-14,Footwear,5.96,5.8,5.3,50000,16547
Sep-14,Footwear,5.96,4.7,5.3,50000,24053
Oct-14,Footwear,5.96,7.5,5.3,50000,26865
Nov-14,Footwear,5.96,4.6,6.62,50000,36842
Dec-14,Footwear,5.96,6.2,5.3,50000,10111
Jan-15,Footwear,5.96,2.4,6.77,52500,23814
Feb-15,Footwear,5.96,11.5,6.77,52500,34476
Mar-15,Footwear,5.96,7,6.77,52500,11936
Apr-15,Footwear,5.96,10.6,6.77,52500,38304
May-15,Footwear,5.96,4.6,7.45,52500,34234
Jun-15,Footwear,5.96,11.5,10.12,52500,22610
Jul-15,Footwear,5.96,11.6,10.12,52500,10352
Aug-15,Footwear,5.96,11.1,6.77,52500,15968
Sep-15,Footwear,5.96,2.3,6.77,52500,24217
Oct-15,Footwear,5.96,1.7,6.77,52500,30055
Nov-15,Footwear,5.96,9.4,6.77,52500,18862
Dec-15,Footwear,5.96,1.9,6.77,52500,27492
Jan-16,Footwear,5.96,8,8.62,52500,36410
Feb-16,Footwear,5.96,5.1,6.91,52500,33509
Mar-16,Footwear,5.96,6.1,6.91,52500,25225
Apr-16,Footwear,5.96,4.9,6.91,52500,
May-16,Footwear,5.96,10.8,6.91,52500,37390
Jun-16,Footwear,5.96,1,6.91,52500,31792
Jul-16,Footwear,5.96,8.9,6.91,52500,38556
Aug-16,Footwear,5.96,8.3,6.91,52500,39594
Sep-16,Footwear,5.96,11.4,6.91,52500,16636
Oct-16,Footwear,5.96,7.3,6.91,52500,10430
Nov-16,Footwear,5.96,1.8,6.91,52500,28993
Dec-16,Footwear,5.96,1.3,7.87,52500,32675
Jan-17,Footwear,3.03,6.3,6.89,52500,17026
Feb-17,Footwear,3.03,10.5,6.89,52500,13091
Mar-17,Footwear,3.03,10.7,8.8,52500,
Apr-17,Footwear,3.03,2,6.89,52500,15023
May-17,Footwear,3.03,11,6.89,52500,23877
Jun-17,Footwear,3.03,12,6.89,52500,18771
Jul-17,Footwear,3.03,4.8,6.89,52500,13540
Aug-17,Footwear,3.03,4.7,6.89,52500,35504
Sep-17,Footwear,3.03,6,6.89,52500,15658
Oct-17,Footwear,3.03,5.7,6.89,52500,28883
Nov-17,Footwear,3.03,6.8,6.89,52500,37801
Dec-17,Footwear,3.03,10.7,6.89,52500,35701
Jan-18,Footwear,3.76,1.2,7.01,52500,16258
Feb-18,Footwear,3.76,3.2,7.01,52500,32917
Mar-18,Footwear,3.76,2.1,7.01,52500,23549
Apr-18,Footwear,3.76,11.4,8.43,52500,26358
May-18,Footwear,3.76,11.3,7.01,52500,14990
Jun-18,Footwear,3.76,10.1,7.01,52500,26263
Jul-18,Footwear,3.76,6,7.01,52500,20300
Aug-18,Footwear,3.76,2.4,7.01,52500,31822
Sep-18,Footwear,3.76,4.9,7.01,52500,17240
Oct-18,Footwear,3.76,1.2,8.43,52500,33208
Nov-18,Footwear,3.76,11.1,7.01,52500,28175
Dec-18,Footwear,3.76,1.4,7.01,52500,12349
Jan-19,Footwear,3.76,8.8,7.13,52500,39777
Feb-19,Footwear,3.76,11.6,7.13,52500,33430
Mar-19,Footwear,3.76,7.4,8.21,52500,12583
Apr-19,Footwear,3.76,1.6,7.13,52500,23237
May-19,Footwear,3.76,9.1,8.21,52500,22242
Jun-19,Footwear,3.76,3.7,7.13,52500,21548
Jul-19,Footwear,3.76,2.7,7.13,52500,21954
Aug-19,Footwear,3.76,7.8,7.13,52500,19247
Sep-19,Footwear,3.76,10.6,7.13,52500,26214
Oct-19,Footwear,3.76,10,8.21,52500,38086
Nov-19,Footwear,3.76,11.2,8.55,52500,34039
Dec-19,Footwear,3.76,3.4,7.13,52500,14397
Jan-20,Footwear,3.76,6.7,7.26,60500,32211
Feb-20,Footwear,3.76,6.2,7.26,60500,35273
Mar-20,Footwear,3.76,10.2,7.26,60500,12554
Apr-20,Footwear,4.02,11.6,7.26,60500,28202
May-20,Footwear,4.02,10.5,7.26,60500,20123
Jun-20,Footwear,4.02,11.8,8.58,60500,28253
Jul-20,Footwear,4.02,10.4,7.26,60500,18654
Aug-20,Footwear,4.02,3.4,7.26,60500,10555
Sep-20,Footwear,4.02,11.8,7.26,60500,28306
Oct-20,Footwear,4.02,10.7,7.26,60500,24569
Nov-20,Footwear,4.02,5.7,8.58,60500,23284
Dec-20,Footwear,4.02,5.8,8.31,60500,33325
Jan-21,Footwear,4.02,11.3,7.4,60500,
Feb-21,Footwear,4.02,2.4,8.92,60500,23869
Mar-21,Footwear,4.02,5.7,7.4,60500,33185
Apr-21,Footwear,4.02,4.9,7.4,60500,11102
May-21,Footwear,4.02,7.5,7.4,60500,17070
Jun-21,Footwear,4.02,6,7.4,60500,24351
Jul-21,Footwear,4.02,11.3,7.4,60500,28483
Aug-21,Footwear,4.02,6.6,9.09,60500,35716
Sep-21,Footwear,4.02,3.5,7.4,60500,39194
Oct-21,Footwear,4.02,11.4,7.4,60500,19102
Nov-21,Footwear,4.02,2.4,7.4,60500,
Dec-21,Footwear,4.02,7.2,8.31,60500,20056
Jan-22,Footwear,4.02,4.2,7.62,60500,15499
Feb-22,Footwear,4.02,2.7,7.62,60500,36250
Mar-22,Footwear,4.02,6.4,7.62,60500,22655
Apr-22,Footwear,4.02,5.2,7.62,60500,11709
May-22,Footwear,4.02,7.2,8.87,60500,12561
Jun-22,Footwear,4.02,11.6,7.62,60500,
Jul-22,Footwear,4.02,6.1,7.62,60500,25996
Aug-22,Footwear,4.02,4.8,7.62,60500,36983
Sep-22,Footwear,4.02,7.9,7.62,60500,19804
Oct-22,Footwear,4.02,7.8,7.62,60500,39460
Nov-22,Footwear,4.02,11,7.62,60500,20713
Dec-22,Footwear,4.02,11.2,7.62,60500,16198
Jan-23,Footwear,4.02,9.5,8.43,60500,13733
Feb-23,Footwear,4.02,8.8,7.77,60500,11841
Mar-23,Footwear,4.02,2.8,7.77,60500,20232
Apr-23,Footwear,4.02,11.3,7.77,60500,11323
May-23,Footwear,4.02,10.5,7.77,60500,24452
Jun-23,Footwear,4.02,2.1,7.77,60500,37191
Jul-23,Footwear,4.02,7.3,7.77,60500,23584
Aug-23,Footwear,4.02,5.4,7.77,60500,12898
,,,,,,