Product,Cluster
Accessories & Equipment,0
Accessories & Equipment,0
Accessories & Equipment,0
Accessories & Equipment,0
Accessories & Equipment,0
Accessories & Equipment,0
Accessories & Equipment,0
Accessories & Equipment,0
Accessories & Equipment,0
Accessories & Equipment,0
Accessories & Equipment,0
Accessories & Equipment,0
Accessories & Equipment,0
Accessories & Equipment,0
Accessories & Equipment,0
Accessories & Equipment,0
Accessories & Equipment,0
Accessories & Equipment,0
Accessories & Equipment,0
Accessories & Equipment,0
Accessories & Equipment,0
Accessories & Equipment,0
Accessories & Equipment,0
Accessories & Equipment,0
Accessories & Equipment,0
Accessories & Equipment,0
Accessories & Equipment,0
Accessories & Equipment,0
Accessories & Equipment,0
Accessories & Equipment,0
Accessories & Equipment,0
Accessories & Equipment,0
Accessories & Equipment,0
Accessories & Equipment,0
Accessories & Equipment,0
Accessories & Equipment,0
Accessories & Equipment,0
Accessories & Equipment,0
Accessories & Equipment,0
Accessories & Equipment,0
Accessories & Equipment,0
Accessories & Equipment,0
Accessories & Equipment,0
Accessories & Equipment,0
Accessories & Equipment,0
Accessories & Equipment,0
Accessories & Equipment,0
Accessories & Equipment,0
Accessories & Equipment,0
Accessories & Equipment,0
Accessories & Equipment,0
Accessories & Equipment,0
Accessories & Equipment,0
Accessories & Equipment,0
Accessories & Equipment,0
Accessories & Equipment,0
Accessories & Equipment,0
Accessories & Equipment,0
Accessories & Equipment,0
Accessories & Equipment,0
Accessories & Equipment,0
Accessories & Equipment,0
Accessories & Equipment,0
Accessories & Equipment,0
Accessories & Equipment,0
Accessories & Equipment,0
Accessories & Equipment,0
Accessories & Equipment,0
Accessories & Equipment,0
Accessories & Equipment,0
Accessories & Equipment,0
Accessories & Equipment,0
Accessories & Equipment,0
Accessories & Equipment,0
Accessories & Equipment,0
Accessories & Equipment,0
Accessories & Equipment,0
Accessories & Equipment,0
Accessories & Equipment,0
Accessories & Equipment,0
Accessories & Equipment,0
Accessories & Equipment,0
Accessories & Equipment,0
Accessories & Equipment,0
Accessories & Equipment,0
Accessories & Equipment,0
Accessories & Equipment,0
Accessories & Equipment,0
Accessories & Equipment,0
Accessories & Equipment,0
Accessories & Equipment,0
Accessories & Equipment,0
Accessories & Equipment,0
Accessories & Equipment,0
Accessories & Equipment,0
Accessories & Equipment,0
Accessories & Equipment,0
Accessories & Equipment,0
Accessories & Equipment,0
Accessories & Equipment,0
Accessories & Equipment,0
Accessories & Equipment,0
Accessories & Equipment,0
Accessories & Equipment,0
Accessories & Equipment,0
Accessories & Equipment,0
Accessories & Equipment,0
Accessories & Equipment,0
Accessories & Equipment,0
Accessories & Equipment,0
Accessories & Equipment,0
Accessories & Equipment,0
Accessories & Equipment,0
Accessories & Equipment,0
Accessories & Equipment,0
Accessories & Equipment,0
Accessories & Equipment,0
Accessories & Equipment,0
Accessories & Equipment,0
Accessories & Equipment,0
Accessories & Equipment,0
Accessories & Equipment,0
Accessories & Equipment,0
Accessories & Equipment,0
Accessories & Equipment,0
Accessories & Equipment,0
Accessories & Equipment,0
Accessories & Equipment,0
Accessories & Equipment,0
Accessories & Equipment,0
Accessories & Equipment,0
Accessories & Equipment,0
Accessories & Equipment,0
Accessories & Equipment,0
Accessories & Equipment,0
Accessories & Equipment,0
Accessories & Equipment,0
Accessories & Equipment,0
Accessories & Equipment,0
Accessories & Equipment,0
Accessories & Equipment,0
Accessories & Equipment,0
Accessories & Equipment,0
Accessories & Equipment,0
Accessories & Equipment,0
Accessories & Equipment,0
Accessories & Equipment,0
Accessories & Equipment,0
Accessories & Equipment,0
Accessories & Equipment,0
Accessories & Equipment,0
Accessories & Equipment,0
Accessories & Equipment,0
Accessories & Equipment,0
Accessories & Equipment,0
Accessories & Equipment,0
Accessories & Equipment,0
Accessories & Equipment,0
Accessories & Equipment,0
Accessories & Equipment,0
Accessories & Equipment,0
Accessories & Equipment,0
OuterWear,1
OuterWear,1
OuterWear,1
OuterWear,1
OuterWear,1
OuterWear,1
OuterWear,1
OuterWear,1
OuterWear,1
OuterWear,1
OuterWear,1
OuterWear,1
OuterWear,1
OuterWear,1
OuterWear,1
OuterWear,1
OuterWear,1
OuterWear,1
OuterWear,1
OuterWear,1
OuterWear,1
OuterWear,1
OuterWear,1
OuterWear,1
OuterWear,1
OuterWear,1
OuterWear,1
OuterWear,1
OuterWear,1
OuterWear,1
OuterWear,1
OuterWear,1
OuterWear,1
OuterWear,1
OuterWear,1
OuterWear,1
OuterWear,1
OuterWear,1
OuterWear,1
OuterWear,1
OuterWear,1
OuterWear,1
OuterWear,1
OuterWear,1
OuterWear,1
OuterWear,1
OuterWear,1
OuterWear,1
OuterWear,1
OuterWear,1
OuterWear,1
OuterWear,1
OuterWear,1
OuterWear,1
OuterWear,1
OuterWear,1
OuterWear,1
OuterWear,1
OuterWear,1
OuterWear,1
OuterWear,1
OuterWear,1
OuterWear,1
OuterWear,1
OuterWear,1
OuterWear,1
OuterWear,1
OuterWear,1
OuterWear,1
OuterWear,1
OuterWear,1
OuterWear,1
OuterWear,1
OuterWear,1
OuterWear,1
OuterWear,1
OuterWear,1
OuterWear,1
OuterWear,1
OuterWear,1
OuterWear,1
OuterWear,1
OuterWear,1
OuterWear,1
OuterWear,1
OuterWear,1
OuterWear,1
OuterWear,1
OuterWear,1
OuterWear,1
OuterWear,1
OuterWear,1
OuterWear,1
OuterWear,1
OuterWear,1
OuterWear,1
OuterWear,1
OuterWear,1
OuterWear,1
OuterWear,1
OuterWear,1
OuterWear,1
OuterWear,1
OuterWear,1
OuterWear,1
OuterWear,1
OuterWear,1
OuterWear,1
OuterWear,1
OuterWear,1
OuterWear,1
OuterWear,1
OuterWear,1
OuterWear,1
OuterWear,1
OuterWear,1
OuterWear,1
OuterWear,1
OuterWear,1
OuterWear,1
OuterWear,1
OuterWear,1
OuterWear,1
OuterWear,1
OuterWear,1
OuterWear,1
OuterWear,1
OuterWear,1
OuterWear,1
OuterWear,1
OuterWear,1
OuterWear,1
OuterWear,1
OuterWear,1
OuterWear,1
OuterWear,1
OuterWear,1
OuterWear,1
OuterWear,1
OuterWear,1
OuterWear,1
OuterWear,1
OuterWear,1
OuterWear,1
OuterWear,1
OuterWear,1
OuterWear,1
OuterWear,1
OuterWear,1
OuterWear,1
OuterWear,1
OuterWear,1
OuterWear,1
OuterWear,1
OuterWear,1
OuterWear,1
OuterWear,1
OuterWear,1
OuterWear,1
SportsWear,3
SportsWear,3
SportsWear,3
SportsWear,3
SportsWear,3
SportsWear,3
SportsWear,3
SportsWear,3
SportsWear,3
SportsWear,3
SportsWear,3
SportsWear,3
SportsWear,3
SportsWear,3
SportsWear,3
SportsWear,3
SportsWear,3
SportsWear,3
SportsWear,3
SportsWear,3
SportsWear,3
SportsWear,3
SportsWear,3
SportsWear,3
SportsWear,3
SportsWear,3
SportsWear,3
SportsWear,3
SportsWear,3
SportsWear,3
SportsWear,3
SportsWear,3
SportsWear,3
SportsWear,3
SportsWear,3
SportsWear,3
SportsWear,3
SportsWear,3
SportsWear,3
SportsWear,3
SportsWear,3
SportsWear,3
SportsWear,3
SportsWear,3
SportsWear,3
SportsWear,3
SportsWear,3
SportsWear,3
SportsWear,3
SportsWear,3
SportsWear,3
SportsWear,3
SportsWear,3
SportsWear,3
SportsWear,3
SportsWear,3
SportsWear,3
SportsWear,3
SportsWear,3
SportsWear,3
SportsWear,3
SportsWear,3
SportsWear,3
SportsWear,3
SportsWear,3
SportsWear,3
SportsWear,3
SportsWear,3
SportsWear,3
SportsWear,3
SportsWear,3
SportsWear,3
SportsWear,3
SportsWear,3
SportsWear,3
SportsWear,3
SportsWear,3
SportsWear,3
SportsWear,3
SportsWear,3
SportsWear,3
SportsWear,3
SportsWear,3
SportsWear,3
SportsWear,3
SportsWear,3
SportsWear,3
SportsWear,3
SportsWear,3
SportsWear,3
SportsWear,3
SportsWear,3
SportsWear,3
SportsWear,3
SportsWear,3
SportsWear,3
SportsWear,3
SportsWear,3
SportsWear,3
SportsWear,3
SportsWear,3
SportsWear,3
SportsWear,3
SportsWear,3
SportsWear,3
SportsWear,3
SportsWear,3
SportsWear,3
SportsWear,3
SportsWear,3
SportsWear,3
SportsWear,3
SportsWear,3
SportsWear,3
SportsWear,3
SportsWear,3
SportsWear,3
SportsWear,3
SportsWear,3
SportsWear,3
SportsWear,3
SportsWear,3
SportsWear,3
SportsWear,3
SportsWear,3
SportsWear,3
SportsWear,3
SportsWear,3
SportsWear,3
SportsWear,3
SportsWear,3
SportsWear,3
SportsWear,3
SportsWear,3
SportsWear,3
SportsWear,3
SportsWear,3
SportsWear,3
SportsWear,3
SportsWear,3
SportsWear,3
SportsWear,3
SportsWear,3
SportsWear,3
SportsWear,3
SportsWear,3
SportsWear,3
SportsWear,3
SportsWear,3
SportsWear,3
SportsWear,3
SportsWear,3
SportsWear,3
SportsWear,3
SportsWear,3
SportsWear,3
SportsWear,3
SportsWear,3
SportsWear,3
SportsWear,3
SportsWear,3
Footwear,2
Footwear,2
Footwear,2
Footwear,2
Footwear,2
Footwear,2
Footwear,2
Footwear,2
Footwear,2
Footwear,2
Footwear,2
Footwear,2
Footwear,2
Footwear,2
Footwear,2
Footwear,2
Footwear,2
Footwear,2
Footwear,2
Footwear,2
Footwear,2
Footwear,2
Footwear,2
Footwear,2
Footwear,2
Footwear,2
Footwear,2
Footwear,2
Footwear,2
Footwear,2
Footwear,2
Footwear,2
Footwear,2
Footwear,2
Footwear,2
Footwear,2
Footwear,2
Footwear,2
Footwear,2
Footwear,2
Footwear,2
Footwear,2
Footwear,2
Footwear,2
Footwear,2
Footwear,2
Footwear,2
Footwear,2
Footwear,2
Footwear,2
Footwear,2
Footwear,2
Footwear,2
Footwear,2
Footwear,2
Footwear,2
Footwear,2
Footwear,2
Footwear,2
Footwear,2
Footwear,2
Footwear,2
Footwear,2
Footwear,2
Footwear,2
Footwear,2
Footwear,2
Footwear,2
Footwear,2
Footwear,2
Footwear,2
Footwear,2
Footwear,2
Footwear,2
Footwear,2
Footwear,2
Footwear,2
Footwear,2
Footwear,2
Footwear,2
Footwear,2
Footwear,2
Footwear,2
Footwear,2
Footwear,2
Footwear,2
Footwear,2
Footwear,2
Footwear,2
Footwear,2
Footwear,2
Footwear,2
Footwear,2
Footwear,2
Footwear,2
Footwear,2
Footwear,2
Footwear,2
Footwear,2
Footwear,2
Footwear,2
Footwear,2
Footwear,2
Footwear,2
Footwear,2
Footwear,2
Footwear,2
Footwear,2
Footwear,2
Footwear,2
Footwear,2
Footwear,2
Footwear,2
Footwear,2
Footwear,2
Footwear,2
Footwear,2
Footwear,2
Footwear,2
Footwear,2
Footwear,2
Footwear,2
Footwear,2
Footwear,2
Footwear,2
Footwear,2
Footwear,2
Footwear,2
Footwear,2
Footwear,2
Footwear,2
Footwear,2
Footwear,2
Footwear,2
Footwear,2
Footwear,2
Footwear,2
Footwear,2
Footwear,2
Footwear,2
Footwear,2
Footwear,2
Footwear,2
Footwear,2
Footwear,2
Footwear,2
Footwear,2
Footwear,2
Footwear,2
Footwear,2
Footwear,2
Footwear,2
Footwear,2
Footwear,2
Footwear,2
Footwear,2
Footwear,2
Footwear,2
